{
  "items": [
    {
      "id": "1",
      "name": "Laptop",
      "description": "High-performance business laptop",
      "category": "Electronics",
      "sku": "EL-LAP-001",
      "price": 1299.99,
      "quantity": 25,
      "supplier": "TechWorld Inc.",
      "imageUrl": "https://via.placeholder.com/150",
      "minStockThreshold": 5,
      "createdAt": "2025-06-12T10:00:00Z",
      "updatedAt": "2025-06-12T10:00:00Z"
    },
    {
      "id": "2",
      "name": "Office Chair",
      "description": "Ergonomic office chair",
      "category": "Furniture",
      "sku": "FU-CHA-001",
      "price": 249.99,
      "quantity": 15,
      "supplier": "Office Comfort Co.",
      "imageUrl": "https://via.placeholder.com/150",
      "minStockThreshold": 3,
      "createdAt": "2025-06-12T10:00:00Z",
      "updatedAt": "2025-06-12T10:00:00Z"
    },
    {
      "id": "3",
      "name": "Wireless Mouse",
      "description": "Bluetooth wireless mouse",
      "category": "Electronics",
      "sku": "EL-MOU-001",
      "price": 39.99,
      "quantity": 50,
      "supplier": "TechWorld Inc.",
      "imageUrl": "https://via.placeholder.com/150",
      "minStockThreshold": 10,
      "createdAt": "2025-06-12T10:00:00Z",
      "updatedAt": "2025-06-12T10:00:00Z"
    },
    {
      "id": "4",
      "name": "Desk Lamp",
      "description": "LED adjustable desk lamp",
      "category": "Office Supplies",
      "sku": "OS-LAM-001",
      "price": 49.99,
      "quantity": 30,
      "supplier": "Bright Ideas Ltd.",
      "imageUrl": "https://via.placeholder.com/150",
      "minStockThreshold": 5,
      "createdAt": "2025-06-12T10:00:00Z",
      "updatedAt": "2025-06-12T10:00:00Z"
    },
    {
      "id": "5",
      "name": "Notebook",
      "description": "Premium lined notebook",
      "category": "Stationery",
      "sku": "ST-NOT-001",
      "price": 12.99,
      "quantity": 100,
      "supplier": "Paper Products Inc.",
      "imageUrl": "https://via.placeholder.com/150",
      "minStockThreshold": 20,
      "createdAt": "2025-06-12T10:00:00Z",
      "updatedAt": "2025-06-12T10:00:00Z"
    },
    {
      "id": "aadb9625-eeb6-4806-b0af-d892608fc97b",
      "name": "Item 1",
      "description": "Descritipion",
      "category": "Electronics",
      "sku": "Test",
      "price": 100,
      "quantity": 2,
      "supplier": "Office Comfort Co.",
      "imageUrl": "https://via.placeholder.com/150",
      "minStockThreshold": "5",
      "createdAt": "2025-06-12T15:53:57.781Z",
      "updatedAt": "2025-06-12T15:53:57.781Z"
    },
    {
      "id": "64ada172-21f5-43bc-83e4-f59891186359",
      "name": "Shoes",
      "description": "Wearing shoes",
      "category": "Electronics",
      "sku": "2",
      "price": 102,
      "quantity": 1,
      "supplier": "Office Comfort Co.",
      "imageUrl": "https://via.placeholder.com/150",
      "minStockThreshold": "5",
      "createdAt": "2025-06-12T15:54:42.354Z",
      "updatedAt": "2025-06-12T15:54:42.355Z"
    },
    {
      "id": "cfded744-6325-41d8-b547-9464c6e5fefc",
      "name": "Puma shoes",
      "description": "Puma brand new shoes",
      "category": "Office Supplies",
      "sku": "abc",
      "price": 40000,
      "quantity": 10,
      "supplier": "Bright Ideas Ltd.",
      "imageUrl": "https://via.placeholder.com/150",
      "minStockThreshold": "5",
      "createdAt": "2025-06-19T14:02:56.445Z",
      "updatedAt": "2025-06-19T14:02:56.445Z"
    },
    {
      "id": "14ac2871-eacc-4b52-ad9e-0297c0e6c177",
      "name": "Test Item",
      "quantity": 10,
      "minStockThreshold": 2,
      "createdAt": "2025-06-19T14:44:14.385Z",
      "updatedAt": "2025-06-19T14:44:14.385Z"
    },
    {
      "id": "5535f0b9-3a4a-4c8e-8de9-6103c61bc88f",
      "name": "Find Me",
      "quantity": 5,
      "minStockThreshold": 1,
      "createdAt": "2025-06-19T14:44:14.405Z",
      "updatedAt": "2025-06-19T14:44:14.405Z"
    },
    {
      "id": "1434b545-708e-425d-bcda-ce6fb323212e",
      "name": "Updated Name",
      "quantity": 3,
      "minStockThreshold": 1,
      "createdAt": "2025-06-19T14:44:14.442Z",
      "updatedAt": "2025-06-19T14:44:14.469Z"
    },
    {
      "id": "08380406-c254-4d98-8ad3-2fce57fd11b8",
      "name": "Import1",
      "quantity": 2,
      "minStockThreshold": 1,
      "createdAt": "2025-06-19T14:44:14.533Z",
      "updatedAt": "2025-06-19T14:44:14.533Z"
    },
    {
      "id": "8c51b9ea-45b3-4cb7-9dc3-cdb1186b9c76",
      "name": "Import2",
      "quantity": 3,
      "minStockThreshold": 1,
      "createdAt": "2025-06-19T14:44:14.533Z",
      "updatedAt": "2025-06-19T14:44:14.533Z"
    },
    {
      "id": "c37b053f-d42e-49eb-9aca-4295602f1a30",
      "name": "Bulk1",
      "quantity": 99,
      "minStockThreshold": 1,
      "createdAt": "2025-06-19T14:44:14.543Z",
      "updatedAt": "2025-06-19T14:44:14.565Z"
    },
    {
      "id": "0aca61d9-b0c8-453a-a8e0-9c39334799e4",
      "name": "Bulk2",
      "quantity": 99,
      "minStockThreshold": 1,
      "createdAt": "2025-06-19T14:44:14.552Z",
      "updatedAt": "2025-06-19T14:44:14.565Z"
    },
    {
      "id": "6ffdfbd0-9c2f-4958-85ec-795fc0279d30",
      "name": "Archive Me",
      "quantity": 1,
      "minStockThreshold": 1,
      "createdAt": "2025-06-19T14:44:14.583Z",
      "updatedAt": "2025-06-19T14:44:14.595Z",
      "archived": true
    },
    {
      "id": "6f9743ad-0443-462c-a438-81d1ebbe3072",
      "name": "Test Item",
      "quantity": 10,
      "minStockThreshold": 2,
      "createdAt": "2025-06-19T14:46:48.210Z",
      "updatedAt": "2025-06-19T14:46:48.210Z"
    },
    {
      "id": "683e3003-d399-4dc8-9e2e-fc5a2dbf3d7c",
      "name": "Find Me",
      "quantity": 5,
      "minStockThreshold": 1,
      "createdAt": "2025-06-19T14:46:48.229Z",
      "updatedAt": "2025-06-19T14:46:48.229Z"
    },
    {
      "id": "3cbc4dc5-0851-4723-b39e-1a3840b2a2c7",
      "name": "Updated Name",
      "quantity": 3,
      "minStockThreshold": 1,
      "createdAt": "2025-06-19T14:46:48.274Z",
      "updatedAt": "2025-06-19T14:46:48.287Z"
    },
    {
      "id": "4395ebe6-2f6e-4787-9042-9206fb7bf4a6",
      "name": "Import1",
      "quantity": 2,
      "minStockThreshold": 1,
      "createdAt": "2025-06-19T14:46:48.340Z",
      "updatedAt": "2025-06-19T14:46:48.340Z"
    },
    {
      "id": "41a75998-9dda-4dcf-a130-2ad8472a5667",
      "name": "Import2",
      "quantity": 3,
      "minStockThreshold": 1,
      "createdAt": "2025-06-19T14:46:48.340Z",
      "updatedAt": "2025-06-19T14:46:48.340Z"
    },
    {
      "id": "e54e7f77-bfe6-492c-812b-c11e8f7df521",
      "name": "Bulk1",
      "quantity": 99,
      "minStockThreshold": 1,
      "createdAt": "2025-06-19T14:46:48.350Z",
      "updatedAt": "2025-06-19T14:46:48.367Z"
    },
    {
      "id": "061bd8d5-82f8-4539-9478-476df5ec635c",
      "name": "Bulk2",
      "quantity": 99,
      "minStockThreshold": 1,
      "createdAt": "2025-06-19T14:46:48.359Z",
      "updatedAt": "2025-06-19T14:46:48.367Z"
    },
    {
      "id": "ad39242e-33fe-43c0-b89c-0004d6b2ce57",
      "name": "Archive Me",
      "quantity": 1,
      "minStockThreshold": 1,
      "createdAt": "2025-06-19T14:46:48.376Z",
      "updatedAt": "2025-06-19T14:46:48.384Z",
      "archived": true
    },
    {
      "id": "9391ec34-ba5c-4a14-b0f3-346f32eb6bba",
      "createdAt": "2025-06-19T14:46:48.394Z",
      "updatedAt": "2025-06-19T14:46:48.394Z"
    },
    {
      "id": "6281979c-d8e9-480a-95da-2164c1976003",
      "name": "Test Item",
      "quantity": 10,
      "minStockThreshold": 2,
      "createdAt": "2025-06-19T15:31:51.543Z",
      "updatedAt": "2025-06-19T15:31:51.543Z"
    },
    {
      "id": "46447822-692c-4129-8b53-c7ab41408a15",
      "name": "Find Me",
      "quantity": 5,
      "minStockThreshold": 1,
      "createdAt": "2025-06-19T15:31:51.563Z",
      "updatedAt": "2025-06-19T15:31:51.563Z"
    },
    {
      "id": "bd8bc35b-cb80-4501-8e98-934d1598f1be",
      "name": "Updated Name",
      "quantity": 3,
      "minStockThreshold": 1,
      "createdAt": "2025-06-19T15:31:51.597Z",
      "updatedAt": "2025-06-19T15:31:51.609Z"
    },
    {
      "id": "f75f39fe-b8ca-48a5-ac0e-766b210e352c",
      "name": "Import1",
      "quantity": 2,
      "minStockThreshold": 1,
      "createdAt": "2025-06-19T15:31:51.674Z",
      "updatedAt": "2025-06-19T15:31:51.674Z"
    },
    {
      "id": "5a35ee8a-cbf0-4f55-9816-0186f3566be2",
      "name": "Import2",
      "quantity": 3,
      "minStockThreshold": 1,
      "createdAt": "2025-06-19T15:31:51.674Z",
      "updatedAt": "2025-06-19T15:31:51.674Z"
    },
    {
      "id": "3c71edd5-f602-4185-bd58-9a5882d8045a",
      "name": "Bulk1",
      "quantity": 99,
      "minStockThreshold": 1,
      "createdAt": "2025-06-19T15:31:51.690Z",
      "updatedAt": "2025-06-19T15:31:51.714Z"
    },
    {
      "id": "4ccbee63-80d5-44f1-9cf6-ec55adb7fd1d",
      "name": "Bulk2",
      "quantity": 99,
      "minStockThreshold": 1,
      "createdAt": "2025-06-19T15:31:51.702Z",
      "updatedAt": "2025-06-19T15:31:51.714Z"
    },
    {
      "id": "51f04330-2b89-4012-a5cc-704e028467ff",
      "name": "Archive Me",
      "quantity": 1,
      "minStockThreshold": 1,
      "createdAt": "2025-06-19T15:31:51.726Z",
      "updatedAt": "2025-06-19T15:31:51.734Z",
      "archived": true
    },
    {
      "id": "647eda82-ab8e-4b99-a77e-8fde594d1ae0",
      "createdAt": "2025-06-19T15:31:51.746Z",
      "updatedAt": "2025-06-19T15:31:51.746Z"
    },
    {
      "id": "8fb1bb63-117e-40d4-ba20-be40aae362fa",
      "name": "Test Item",
      "quantity": 10,
      "minStockThreshold": 2,
      "createdAt": "2025-06-19T15:32:41.700Z",
      "updatedAt": "2025-06-19T15:32:41.700Z"
    },
    {
      "id": "25281018-1921-47e0-9b1c-9c1ad023aef9",
      "name": "Find Me",
      "quantity": 5,
      "minStockThreshold": 1,
      "createdAt": "2025-06-19T15:32:41.724Z",
      "updatedAt": "2025-06-19T15:32:41.724Z"
    },
    {
      "id": "c3427fda-52d7-42af-8a39-5b9f6ec903a3",
      "name": "Updated Name",
      "quantity": 3,
      "minStockThreshold": 1,
      "createdAt": "2025-06-19T15:32:41.764Z",
      "updatedAt": "2025-06-19T15:32:41.777Z"
    },
    {
      "id": "a433f8d8-ab41-40a8-9c23-92ff4afe24b6",
      "name": "Import1",
      "quantity": 2,
      "minStockThreshold": 1,
      "createdAt": "2025-06-19T15:32:41.840Z",
      "updatedAt": "2025-06-19T15:32:41.840Z"
    },
    {
      "id": "e5cdcf45-4fdd-4ab4-b304-e6ca2682db99",
      "name": "Import2",
      "quantity": 3,
      "minStockThreshold": 1,
      "createdAt": "2025-06-19T15:32:41.840Z",
      "updatedAt": "2025-06-19T15:32:41.840Z"
    },
    {
      "id": "d5d8d315-4ede-4d73-a9c9-882f5e18d06e",
      "name": "Bulk1",
      "quantity": 99,
      "minStockThreshold": 1,
      "createdAt": "2025-06-19T15:32:41.854Z",
      "updatedAt": "2025-06-19T15:32:41.873Z"
    },
    {
      "id": "653f63a5-68fd-4930-a4a6-ea3e86f343e2",
      "name": "Bulk2",
      "quantity": 99,
      "minStockThreshold": 1,
      "createdAt": "2025-06-19T15:32:41.862Z",
      "updatedAt": "2025-06-19T15:32:41.873Z"
    },
    {
      "id": "134b9ff3-0591-4886-a2b7-97d518246e3e",
      "name": "Archive Me",
      "quantity": 1,
      "minStockThreshold": 1,
      "createdAt": "2025-06-19T15:32:41.886Z",
      "updatedAt": "2025-06-19T15:32:41.894Z",
      "archived": true
    },
    {
      "id": "cead57ef-b59a-4ab5-b586-125c69b29ca5",
      "createdAt": "2025-06-19T15:32:41.905Z",
      "updatedAt": "2025-06-19T15:32:41.905Z"
    },
    {
      "id": "cd626862-b076-44c7-99ba-ff203ce8a58b",
      "name": "Test Item",
      "quantity": 10,
      "minStockThreshold": 2,
      "createdAt": "2025-06-19T15:36:27.988Z",
      "updatedAt": "2025-06-19T15:36:27.988Z"
    },
    {
      "id": "962ea94b-6338-4a31-914d-ca883a43a9ff",
      "name": "Find Me",
      "quantity": 5,
      "minStockThreshold": 1,
      "createdAt": "2025-06-19T15:36:28.001Z",
      "updatedAt": "2025-06-19T15:36:28.001Z"
    },
    {
      "id": "7a468ae0-3085-47be-a9cd-bebe69e9bc89",
      "name": "Updated Name",
      "quantity": 3,
      "minStockThreshold": 1,
      "createdAt": "2025-06-19T15:36:28.041Z",
      "updatedAt": "2025-06-19T15:36:28.051Z"
    },
    {
      "id": "cf5e5e17-5d55-4108-bed0-02e64d400a20",
      "name": "Import1",
      "quantity": 2,
      "minStockThreshold": 1,
      "createdAt": "2025-06-19T15:36:28.109Z",
      "updatedAt": "2025-06-19T15:36:28.109Z"
    },
    {
      "id": "0a523499-3731-494c-95bc-e17c87574d2a",
      "name": "Import2",
      "quantity": 3,
      "minStockThreshold": 1,
      "createdAt": "2025-06-19T15:36:28.109Z",
      "updatedAt": "2025-06-19T15:36:28.109Z"
    },
    {
      "id": "865429b3-f7c9-465b-9867-78ab35f87eb9",
      "name": "Bulk1",
      "quantity": 99,
      "minStockThreshold": 1,
      "createdAt": "2025-06-19T15:36:28.119Z",
      "updatedAt": "2025-06-19T15:36:28.137Z"
    },
    {
      "id": "278dfce2-39cf-46ee-b15b-13ada9294397",
      "name": "Bulk2",
      "quantity": 99,
      "minStockThreshold": 1,
      "createdAt": "2025-06-19T15:36:28.128Z",
      "updatedAt": "2025-06-19T15:36:28.137Z"
    },
    {
      "id": "aad84411-c4bc-49c8-a818-e02872307ddb",
      "name": "Archive Me",
      "quantity": 1,
      "minStockThreshold": 1,
      "createdAt": "2025-06-19T15:36:28.151Z",
      "updatedAt": "2025-06-19T15:36:28.167Z",
      "archived": true
    },
    {
      "id": "5e305ab7-5560-4a86-a9cf-e40833b1f4f6",
      "createdAt": "2025-06-19T15:36:28.179Z",
      "updatedAt": "2025-06-19T15:36:28.179Z"
    }
  ],
  "categories": [
    "Electronics",
    "Furniture",
    "Office Supplies",
    "Stationery"
  ],
  "suppliers": [
    "TechWorld Inc.",
    "Office Comfort Co.",
    "Bright Ideas Ltd.",
    "Paper Products Inc."
  ],
  "activityLog": [
    {
      "id": "258ee5c6-4576-48bf-a1c7-db62a96418fe",
      "action": "create",
      "itemId": "5e305ab7-5560-4a86-a9cf-e40833b1f4f6",
      "details": "Created item: undefined",
      "timestamp": "2025-06-19T15:36:28.181Z"
    },
    {
      "id": "3cb5bde7-229e-4436-86c1-17f3af6a1a37",
      "action": "archive",
      "itemId": "aad84411-c4bc-49c8-a818-e02872307ddb",
      "details": "Archived item: Archive Me",
      "timestamp": "2025-06-19T15:36:28.169Z"
    },
    {
      "id": "7c5d8d28-22cf-421d-92e0-6aa4e4a05bb5",
      "action": "create",
      "itemId": "aad84411-c4bc-49c8-a818-e02872307ddb",
      "details": "Created item: Archive Me",
      "timestamp": "2025-06-19T15:36:28.154Z"
    },
    {
      "id": "0d90bdfc-211e-4875-a5ec-19409915b0be",
      "action": "bulk-update",
      "itemId": "multiple",
      "details": "Bulk updated 2 items",
      "timestamp": "2025-06-19T15:36:28.138Z"
    },
    {
      "id": "dd6ac3c8-f4e4-41ca-8376-6170feb75c4b",
      "action": "create",
      "itemId": "278dfce2-39cf-46ee-b15b-13ada9294397",
      "details": "Created item: Bulk2",
      "timestamp": "2025-06-19T15:36:28.129Z"
    },
    {
      "id": "368153f4-0c90-4317-afab-f04e34557cd6",
      "action": "create",
      "itemId": "865429b3-f7c9-465b-9867-78ab35f87eb9",
      "details": "Created item: Bulk1",
      "timestamp": "2025-06-19T15:36:28.120Z"
    },
    {
      "id": "1b9a86dd-66ea-4328-9f5e-964d7b4ddab2",
      "action": "import",
      "itemId": "multiple",
      "details": "Imported 2 items",
      "timestamp": "2025-06-19T15:36:28.111Z"
    },
    {
      "id": "113da623-4911-4db7-818c-5ddfeb6ba2a6",
      "action": "delete",
      "itemId": "72c7b989-58ce-46e4-aebe-a8d96e96fa18",
      "details": "Deleted item: Delete Me",
      "timestamp": "2025-06-19T15:36:28.078Z"
    },
    {
      "id": "1c3c1a53-c39c-43b8-bf0b-bc13bd1b26da",
      "action": "create",
      "itemId": "72c7b989-58ce-46e4-aebe-a8d96e96fa18",
      "details": "Created item: Delete Me",
      "timestamp": "2025-06-19T15:36:28.066Z"
    },
    {
      "id": "e2cbeb08-bec5-45fc-b64e-e6d656f44e8c",
      "action": "update",
      "itemId": "7a468ae0-3085-47be-a9cd-bebe69e9bc89",
      "details": "Updated item: Updated Name",
      "timestamp": "2025-06-19T15:36:28.052Z"
    },
    {
      "id": "d49ba753-a7c7-4f08-8d66-8268f4c13e0a",
      "action": "create",
      "itemId": "7a468ae0-3085-47be-a9cd-bebe69e9bc89",
      "details": "Created item: Update Me",
      "timestamp": "2025-06-19T15:36:28.043Z"
    },
    {
      "id": "e83a78f0-5397-4a5a-ab3a-397a4e5b807c",
      "action": "create",
      "itemId": "962ea94b-6338-4a31-914d-ca883a43a9ff",
      "details": "Created item: Find Me",
      "timestamp": "2025-06-19T15:36:28.003Z"
    },
    {
      "id": "262e9296-8f50-408e-9826-723fdbebd273",
      "action": "create",
      "itemId": "cd626862-b076-44c7-99ba-ff203ce8a58b",
      "details": "Created item: Test Item",
      "timestamp": "2025-06-19T15:36:27.990Z"
    },
    {
      "id": "8e0cb38b-e02e-4cd7-89b5-d550a873c44a",
      "action": "create",
      "itemId": "cead57ef-b59a-4ab5-b586-125c69b29ca5",
      "details": "Created item: undefined",
      "timestamp": "2025-06-19T15:32:41.907Z"
    },
    {
      "id": "de111251-464f-4726-86a8-143e824d4bd5",
      "action": "archive",
      "itemId": "134b9ff3-0591-4886-a2b7-97d518246e3e",
      "details": "Archived item: Archive Me",
      "timestamp": "2025-06-19T15:32:41.896Z"
    },
    {
      "id": "b189bbe6-6317-4d20-922e-7f07310e752a",
      "action": "create",
      "itemId": "134b9ff3-0591-4886-a2b7-97d518246e3e",
      "details": "Created item: Archive Me",
      "timestamp": "2025-06-19T15:32:41.887Z"
    },
    {
      "id": "daa6612e-8c59-4221-9bb5-f99dc8851047",
      "action": "bulk-update",
      "itemId": "multiple",
      "details": "Bulk updated 2 items",
      "timestamp": "2025-06-19T15:32:41.874Z"
    },
    {
      "id": "91f1d4e2-0f69-4388-94a5-2c448308fb20",
      "action": "create",
      "itemId": "653f63a5-68fd-4930-a4a6-ea3e86f343e2",
      "details": "Created item: Bulk2",
      "timestamp": "2025-06-19T15:32:41.863Z"
    },
    {
      "id": "308e961d-7cce-4de4-8108-cdb2abba7138",
      "action": "create",
      "itemId": "d5d8d315-4ede-4d73-a9c9-882f5e18d06e",
      "details": "Created item: Bulk1",
      "timestamp": "2025-06-19T15:32:41.855Z"
    },
    {
      "id": "cdccdbe9-7297-4b2c-894b-0e548432ee67",
      "action": "import",
      "itemId": "multiple",
      "details": "Imported 2 items",
      "timestamp": "2025-06-19T15:32:41.842Z"
    },
    {
      "id": "dfa68d8c-0248-47c8-b7a1-28c74455ab55",
      "action": "delete",
      "itemId": "8fab52ae-2a75-4492-9f8b-03664ec119a0",
      "details": "Deleted item: Delete Me",
      "timestamp": "2025-06-19T15:32:41.808Z"
    },
    {
      "id": "b32b60b4-1c46-4445-8ceb-44dbe9b5faca",
      "action": "create",
      "itemId": "8fab52ae-2a75-4492-9f8b-03664ec119a0",
      "details": "Created item: Delete Me",
      "timestamp": "2025-06-19T15:32:41.796Z"
    },
    {
      "id": "2f495b94-a3b1-408d-bd97-3b0b78ef8cf7",
      "action": "update",
      "itemId": "c3427fda-52d7-42af-8a39-5b9f6ec903a3",
      "details": "Updated item: Updated Name",
      "timestamp": "2025-06-19T15:32:41.779Z"
    },
    {
      "id": "6a419b6d-8d36-49a9-a0be-8f923d20ea7b",
      "action": "create",
      "itemId": "c3427fda-52d7-42af-8a39-5b9f6ec903a3",
      "details": "Created item: Update Me",
      "timestamp": "2025-06-19T15:32:41.766Z"
    },
    {
      "id": "8c7fbce1-1aa6-4f78-bd7a-a4d648583473",
      "action": "create",
      "itemId": "25281018-1921-47e0-9b1c-9c1ad023aef9",
      "details": "Created item: Find Me",
      "timestamp": "2025-06-19T15:32:41.726Z"
    },
    {
      "id": "35b9c943-e78d-4fcd-b03f-a2d7f35a7fdf",
      "action": "create",
      "itemId": "8fb1bb63-117e-40d4-ba20-be40aae362fa",
      "details": "Created item: Test Item",
      "timestamp": "2025-06-19T15:32:41.702Z"
    },
    {
      "id": "22df0056-49d1-43e1-abf0-3fb6094d70fd",
      "action": "create",
      "itemId": "647eda82-ab8e-4b99-a77e-8fde594d1ae0",
      "details": "Created item: undefined",
      "timestamp": "2025-06-19T15:31:51.747Z"
    },
    {
      "id": "1a166190-b6c2-4ac1-ad7e-8e5bd085d6ca",
      "action": "archive",
      "itemId": "51f04330-2b89-4012-a5cc-704e028467ff",
      "details": "Archived item: Archive Me",
      "timestamp": "2025-06-19T15:31:51.735Z"
    },
    {
      "id": "fff3cd98-8f2f-4d19-bb8b-c0dd45f4aeed",
      "action": "create",
      "itemId": "51f04330-2b89-4012-a5cc-704e028467ff",
      "details": "Created item: Archive Me",
      "timestamp": "2025-06-19T15:31:51.727Z"
    },
    {
      "id": "23abc8d6-a8ce-4fe1-8e7d-ded287646250",
      "action": "bulk-update",
      "itemId": "multiple",
      "details": "Bulk updated 2 items",
      "timestamp": "2025-06-19T15:31:51.716Z"
    },
    {
      "id": "54631722-2e31-4fef-92cd-eb2459bcabe5",
      "action": "create",
      "itemId": "4ccbee63-80d5-44f1-9cf6-ec55adb7fd1d",
      "details": "Created item: Bulk2",
      "timestamp": "2025-06-19T15:31:51.704Z"
    },
    {
      "id": "ec89dc50-ddb7-41e5-bb49-3d2b1f37b78a",
      "action": "create",
      "itemId": "3c71edd5-f602-4185-bd58-9a5882d8045a",
      "details": "Created item: Bulk1",
      "timestamp": "2025-06-19T15:31:51.691Z"
    },
    {
      "id": "d5da51c1-a064-4959-a803-810d8ab4884d",
      "action": "import",
      "itemId": "multiple",
      "details": "Imported 2 items",
      "timestamp": "2025-06-19T15:31:51.675Z"
    },
    {
      "id": "56e73740-6664-4df4-9742-2c18f91407ee",
      "action": "delete",
      "itemId": "c38c24e4-0380-4b76-a2c0-5ec8c39bfd9f",
      "details": "Deleted item: Delete Me",
      "timestamp": "2025-06-19T15:31:51.635Z"
    },
    {
      "id": "8b15d79d-2e80-4eec-9fc1-4032776d2ceb",
      "action": "create",
      "itemId": "c38c24e4-0380-4b76-a2c0-5ec8c39bfd9f",
      "details": "Created item: Delete Me",
      "timestamp": "2025-06-19T15:31:51.622Z"
    },
    {
      "id": "c5ebd53e-1f9f-45ab-9d6a-2e9ed2c36a56",
      "action": "update",
      "itemId": "bd8bc35b-cb80-4501-8e98-934d1598f1be",
      "details": "Updated item: Updated Name",
      "timestamp": "2025-06-19T15:31:51.610Z"
    },
    {
      "id": "507f1aad-2f3d-42ce-9c5a-2150f5a60ada",
      "action": "create",
      "itemId": "bd8bc35b-cb80-4501-8e98-934d1598f1be",
      "details": "Created item: Update Me",
      "timestamp": "2025-06-19T15:31:51.598Z"
    },
    {
      "id": "925143b1-1767-4981-aa0a-8a1511cdda9f",
      "action": "create",
      "itemId": "46447822-692c-4129-8b53-c7ab41408a15",
      "details": "Created item: Find Me",
      "timestamp": "2025-06-19T15:31:51.565Z"
    },
    {
      "id": "b676fec4-3293-48a1-9ce4-449ddbcdc627",
      "action": "create",
      "itemId": "6281979c-d8e9-480a-95da-2164c1976003",
      "details": "Created item: Test Item",
      "timestamp": "2025-06-19T15:31:51.545Z"
    },
    {
      "id": "b52326f3-8e5f-4938-b275-d7be264dae8a",
      "action": "create",
      "itemId": "9391ec34-ba5c-4a14-b0f3-346f32eb6bba",
      "details": "Created item: undefined",
      "timestamp": "2025-06-19T14:46:48.396Z"
    },
    {
      "id": "e850d1b5-eb54-4bca-8c34-3787ec5d2cc4",
      "action": "archive",
      "itemId": "ad39242e-33fe-43c0-b89c-0004d6b2ce57",
      "details": "Archived item: Archive Me",
      "timestamp": "2025-06-19T14:46:48.385Z"
    },
    {
      "id": "ddd091ed-629f-412a-b832-9ad0ae892a4d",
      "action": "create",
      "itemId": "ad39242e-33fe-43c0-b89c-0004d6b2ce57",
      "details": "Created item: Archive Me",
      "timestamp": "2025-06-19T14:46:48.378Z"
    },
    {
      "id": "4dff07ee-3f7c-46e3-82d0-f76fda6ce717",
      "action": "bulk-update",
      "itemId": "multiple",
      "details": "Bulk updated 2 items",
      "timestamp": "2025-06-19T14:46:48.368Z"
    },
    {
      "id": "5472c4b3-4544-4492-a027-884ed3510829",
      "action": "create",
      "itemId": "061bd8d5-82f8-4539-9478-476df5ec635c",
      "details": "Created item: Bulk2",
      "timestamp": "2025-06-19T14:46:48.360Z"
    },
    {
      "id": "9c6d8e50-0108-444e-aa77-fc724fecdcb9",
      "action": "create",
      "itemId": "e54e7f77-bfe6-492c-812b-c11e8f7df521",
      "details": "Created item: Bulk1",
      "timestamp": "2025-06-19T14:46:48.352Z"
    },
    {
      "id": "a1b45807-e569-495e-aca4-3e01310b747e",
      "action": "import",
      "itemId": "multiple",
      "details": "Imported 2 items",
      "timestamp": "2025-06-19T14:46:48.342Z"
    },
    {
      "id": "6eed8577-1f2f-4be2-a4a2-df4240d1edcd",
      "action": "delete",
      "itemId": "63f36730-0825-452d-b74c-a2ea4d366dce",
      "details": "Deleted item: Delete Me",
      "timestamp": "2025-06-19T14:46:48.310Z"
    },
    {
      "id": "037b427c-9fd3-4d89-93ca-b681932304b6",
      "action": "create",
      "itemId": "63f36730-0825-452d-b74c-a2ea4d366dce",
      "details": "Created item: Delete Me",
      "timestamp": "2025-06-19T14:46:48.300Z"
    },
    {
      "id": "491c4f58-6a2c-4fd0-a124-26ca3b1b4dd7",
      "action": "update",
      "itemId": "3cbc4dc5-0851-4723-b39e-1a3840b2a2c7",
      "details": "Updated item: Updated Name",
      "timestamp": "2025-06-19T14:46:48.289Z"
    },
    {
      "id": "c1ffd54d-1aed-4c90-85f0-5c18964a77df",
      "action": "create",
      "itemId": "3cbc4dc5-0851-4723-b39e-1a3840b2a2c7",
      "details": "Created item: Update Me",
      "timestamp": "2025-06-19T14:46:48.276Z"
    },
    {
      "id": "9dbd39fe-5a59-46cc-818b-2dc8a6016a63",
      "action": "create",
      "itemId": "683e3003-d399-4dc8-9e2e-fc5a2dbf3d7c",
      "details": "Created item: Find Me",
      "timestamp": "2025-06-19T14:46:48.238Z"
    },
    {
      "id": "ad7a9828-3a42-40be-8e01-20673b6bf0f7",
      "action": "create",
      "itemId": "6f9743ad-0443-462c-a438-81d1ebbe3072",
      "details": "Created item: Test Item",
      "timestamp": "2025-06-19T14:46:48.211Z"
    },
    {
      "id": "e4e59880-5820-4d3d-8006-2d92711ec388",
      "action": "archive",
      "itemId": "6ffdfbd0-9c2f-4958-85ec-795fc0279d30",
      "details": "Archived item: Archive Me",
      "timestamp": "2025-06-19T14:44:14.596Z"
    },
    {
      "id": "f6cd76c6-253d-4e52-bc23-5386599375d4",
      "action": "create",
      "itemId": "6ffdfbd0-9c2f-4958-85ec-795fc0279d30",
      "details": "Created item: Archive Me",
      "timestamp": "2025-06-19T14:44:14.585Z"
    },
    {
      "id": "493bcf06-245d-404d-8845-1a8a14ce0034",
      "action": "bulk-update",
      "itemId": "multiple",
      "details": "Bulk updated 2 items",
      "timestamp": "2025-06-19T14:44:14.567Z"
    },
    {
      "id": "c7d0b31a-0893-48ff-b6cc-37b00d48aa7d",
      "action": "create",
      "itemId": "0aca61d9-b0c8-453a-a8e0-9c39334799e4",
      "details": "Created item: Bulk2",
      "timestamp": "2025-06-19T14:44:14.555Z"
    },
    {
      "id": "29adfebd-20b9-47db-9ea2-7e430f1799f0",
      "action": "create",
      "itemId": "c37b053f-d42e-49eb-9aca-4295602f1a30",
      "details": "Created item: Bulk1",
      "timestamp": "2025-06-19T14:44:14.544Z"
    },
    {
      "id": "9e94ea57-d712-479e-b4e2-11affd9f06e9",
      "action": "import",
      "itemId": "multiple",
      "details": "Imported 2 items",
      "timestamp": "2025-06-19T14:44:14.535Z"
    },
    {
      "id": "5007b0ef-da69-4bed-b5cf-3c48fa14080e",
      "action": "delete",
      "itemId": "498ddedf-dff7-4287-86a2-2f2b2e78e0c8",
      "details": "Deleted item: Delete Me",
      "timestamp": "2025-06-19T14:44:14.490Z"
    },
    {
      "id": "55cb360e-4dfd-40cf-936f-42a0ca16ea5f",
      "action": "create",
      "itemId": "498ddedf-dff7-4287-86a2-2f2b2e78e0c8",
      "details": "Created item: Delete Me",
      "timestamp": "2025-06-19T14:44:14.481Z"
    },
    {
      "id": "3e20d8ea-a44c-474c-8219-b1b298f56b3c",
      "action": "update",
      "itemId": "1434b545-708e-425d-bcda-ce6fb323212e",
      "details": "Updated item: Updated Name",
      "timestamp": "2025-06-19T14:44:14.470Z"
    },
    {
      "id": "ac53e677-b76f-4825-a658-4e0eefd9eaf0",
      "action": "create",
      "itemId": "1434b545-708e-425d-bcda-ce6fb323212e",
      "details": "Created item: Update Me",
      "timestamp": "2025-06-19T14:44:14.443Z"
    },
    {
      "id": "8b433b88-c12e-4026-a070-6ef47fd72e6c",
      "action": "create",
      "itemId": "5535f0b9-3a4a-4c8e-8de9-6103c61bc88f",
      "details": "Created item: Find Me",
      "timestamp": "2025-06-19T14:44:14.406Z"
    },
    {
      "id": "8417779e-cd4e-4f46-a584-15740640488a",
      "action": "create",
      "itemId": "14ac2871-eacc-4b52-ad9e-0297c0e6c177",
      "details": "Created item: Test Item",
      "timestamp": "2025-06-19T14:44:14.387Z"
    },
    {
      "id": "98994fa7-5af0-40f3-a0bf-c8b2ee7d2b36",
      "action": "create",
      "itemId": "cfded744-6325-41d8-b547-9464c6e5fefc",
      "details": "Created item: Puma shoes",
      "timestamp": "2025-06-19T14:02:56.448Z"
    },
    {
      "id": "5e7b029e-4416-4331-ab6f-a399f66f985b",
      "action": "create",
      "itemId": "64ada172-21f5-43bc-83e4-f59891186359",
      "details": "Created item: Shoes",
      "timestamp": "2025-06-12T15:54:42.357Z"
    },
    {
      "id": "7dcf7c58-a7f1-4bad-aecf-2160e0e9bce3",
      "action": "create",
      "itemId": "aadb9625-eeb6-4806-b0af-d892608fc97b",
      "details": "Created item: Item 1",
      "timestamp": "2025-06-12T15:53:57.784Z"
    }
  ]
}